n_workers,n_firms,n_rows,configuration,order,status,wall_s,read_s,fit_s,peak_memory_mb,import_memory_mb,peak_disk_mb,coef_age_squared,coef_age_cubed
25000,1666,212307,pyfixest (MAP),0,ok,1.547,0.026,1.521,510.1,15.8,0.0,0.07440840863586996,-0.011598935210267234
25000,1666,212307,hdfe_stream (explicit),0,ok,0.924,0.0,0.924,798.9,15.8,19.0,0.07440840863416902,-0.011598935210135315
25000,1666,212307,pyfixest (LSMR),1,ok,1.138,0.026,1.112,546.6,15.9,0.0,0.07440840863424826,-0.011598935210141475
25000,1666,212307,hdfe_stream (stream_cg),1,ok,0.862,0.0,0.862,805.9,15.9,19.0,0.07440840863419294,-0.011598935210137168
25000,1666,212307,xhdfe,2,ok,0.392,0.025,0.368,273.5,15.9,0.0,0.07440840863426147,-0.011598935210142538
25000,1666,212307,hdfe_stream (within),2,ok,0.956,0.0,0.956,832.8,15.7,19.0,0.07440840863425122,-0.011598935210141718
25000,1666,212307,"hdfe_stream (stream_cg, low memory)",3,ok,0.9,0.0,0.9,819.9,15.8,19.0,0.07440840863419294,-0.011598935210137168
100000,6665,850191,pyfixest (MAP),0,ok,7.37,0.042,7.328,845.8,15.7,0.0,0.09278868502599584,-0.013023752298619599
100000,6665,850191,hdfe_stream (explicit),0,ok,1.448,0.0,1.448,1250.1,15.8,78.0,0.09278868502826942,-0.013023752298796024
100000,6665,850191,pyfixest (LSMR),1,ok,1.851,0.038,1.813,962.9,15.8,0.0,0.09278868502783912,-0.013023752298762481
100000,6665,850191,hdfe_stream (stream_cg),1,ok,1.273,0.0,1.273,1235.7,15.8,78.0,0.09278868502833791,-0.013023752298801278
100000,6665,850191,xhdfe,2,ok,1.167,0.037,1.13,567.8,15.8,0.0,0.09278868502776727,-0.013023752298756904
100000,6665,850191,hdfe_stream (within),2,ok,1.497,0.0,1.497,1364.4,15.8,78.0,0.0927886850278016,-0.013023752298759616
100000,6665,850191,"hdfe_stream (stream_cg, low memory)",3,ok,1.395,0.0,1.395,966.4,15.8,78.0,0.09278868502846199,-0.013023752298810944
400000,26661,3399908,pyfixest (MAP),0,ok,32.041,0.115,31.926,2119.1,15.8,0.0,0.07189111812191709,-0.011391889313693792
400000,26661,3399908,hdfe_stream (explicit),0,ok,3.589,0.0,3.589,2174.7,15.8,313.0,0.07189111812461729,-0.011391889313904058
400000,26661,3399908,pyfixest (LSMR),1,ok,5.274,0.094,5.18,2618.4,15.7,0.0,0.07189111812275384,-0.011391889313758764
400000,26661,3399908,hdfe_stream (stream_cg),1,ok,2.938,0.0,2.938,2184.7,15.8,313.0,0.07189111812311945,-0.011391889313786967
400000,26661,3399908,xhdfe,2,ok,4.111,0.086,4.025,2357.8,15.9,0.0,0.07189111812265521,-0.011391889313750998
400000,26661,3399908,hdfe_stream (within),2,ok,4.044,0.0,4.044,2140.6,15.8,313.0,0.07189111812236787,-0.011391889313728632
400000,26661,3399908,"hdfe_stream (stream_cg, low memory)",3,ok,3.181,0.0,3.181,1051.1,15.7,317.0,0.07189111812301717,-0.011391889313779114
1000000,66665,8500353,pyfixest (MAP),0,ok,91.53,0.329,91.201,4518.2,15.8,0.0,0.08222138868627049,-0.012168356369648093
1000000,66665,8500353,hdfe_stream (explicit),0,ok,8.422,0.0,8.422,3994.4,15.7,779.0,0.08222138868379336,-0.0121683563694549
1000000,66665,8500353,pyfixest (LSMR),1,ok,14.506,0.336,14.17,5654.6,15.7,0.0,0.0822213886861265,-0.012168356369636996
1000000,66665,8500353,hdfe_stream (stream_cg),1,ok,7.578,0.0,7.578,3801.2,15.8,779.0,0.08222138868458201,-0.012168356369516934
1000000,66665,8500353,xhdfe,2,ok,11.293,0.217,11.076,4886.6,15.9,0.0,0.08222138868597183,-0.012168356369624786
1000000,66665,8500353,hdfe_stream (within),2,ok,10.874,0.0,10.874,3927.4,15.8,779.0,0.08222138868754535,-0.012168356369747453
1000000,66665,8500353,"hdfe_stream (stream_cg, low memory)",3,ok,8.638,0.0,8.638,1321.7,15.7,795.0,0.08222138868415772,-0.012168356369483919
5000000,333306,42498893,pyfixest (MAP),0,ok,887.819,1.528,886.291,20667.6,15.7,0.0,0.08067136832951433,-0.012052238337139674
5000000,333306,42498893,hdfe_stream (explicit),0,ok,43.708,0.0,43.708,5439.3,15.8,3916.0,0.08067136834639546,-0.012052238338452018
5000000,333306,42498893,pyfixest (LSMR),1,ok,149.874,4.389,145.485,25833.8,15.8,0.0,0.08067136832956402,-0.01205223833714348
5000000,333306,42498893,hdfe_stream (stream_cg),1,ok,39.756,0.0,39.756,5425.8,15.8,3916.0,0.0806713683595754,-0.012052238339480789
5000000,333306,42498893,xhdfe,2,ok,126.183,3.01,123.173,19075.3,15.8,0.0,0.08067136833496966,-0.012052238337579364
5000000,333306,42498893,hdfe_stream (within),2,ok,72.294,0.0,72.294,14651.9,15.9,3916.0,0.08067136834471367,-0.012052238338317166
5000000,333306,42498893,"hdfe_stream (stream_cg, low memory)",3,ok,47.488,0.0,47.488,3713.0,15.8,3976.4,0.08067136836114311,-0.012052238339602896
