n_workers,n_firms,n_rows,family,configuration,order,status,wall_s,read_s,fit_s,peak_memory_mb,import_memory_mb,peak_disk_mb,n_obs,irls_steps,coef_age_squared,coef_age_cubed
25000,1666,212307,poisson,pyfixest fepois (LSMR),0,ok,3.239,0.054,3.186,598.3,17.6,0.0,207543,,0.08854319872578223,-0.012933047680737773
25000,1666,212307,poisson,fepois_stream,1,ok,1.804,0.0,1.804,828.8,17.6,13.6,207543,9,0.08854319870402749,-0.012933047679023911
25000,1666,212307,poisson,fepois_stream (explicit),2,ok,1.829,0.0,1.829,828.2,17.7,13.6,207543,9,0.08854319870408343,-0.012933047679028278
25000,1666,212307,poisson,fepois_stream (low memory),3,ok,1.845,0.0,1.845,823.4,17.7,13.6,207543,9,0.08854319870402749,-0.012933047679023911
25000,1666,212307,logit,pyfixest feglm logit (LSMR),4,ok,2.975,0.028,2.947,612.0,17.6,0.0,209992,,-0.02977790116240302,-0.004957528078521316
25000,1666,212307,logit,feglm_stream logit,5,ok,2.331,0.0,2.331,817.8,17.7,13.6,207212,10,-0.02977790116040728,-0.00495752807881606
25000,1666,212307,logit,feglm_stream logit (explicit),6,ok,2.34,0.0,2.34,821.9,17.6,13.6,207212,10,-0.029777901160424124,-0.004957528078814733
25000,1666,212307,logit,feglm_stream logit (low memory),7,ok,2.334,0.0,2.334,851.8,17.6,13.6,207212,10,-0.02977790116040728,-0.00495752807881606
100000,6665,850191,poisson,pyfixest fepois (LSMR),0,ok,15.358,0.054,15.304,1211.6,17.6,0.0,830529,,0.1016408538691406,-0.013822414007996938
100000,6665,850191,poisson,fepois_stream,1,ok,4.674,0.0,4.674,1122.9,17.6,56.3,830529,10,0.10164086106542979,-0.013822414562297321
100000,6665,850191,poisson,fepois_stream (explicit),2,ok,4.871,0.0,4.871,1107.7,17.7,54.7,830529,10,0.10164086106532946,-0.013822414562289484
100000,6665,850191,poisson,fepois_stream (low memory),3,ok,5.0,0.0,5.0,883.1,17.6,55.9,830529,10,0.10164086106532137,-0.013822414562288818
100000,6665,850191,logit,pyfixest feglm logit (LSMR),4,ok,12.683,0.048,12.634,1227.8,17.6,0.0,841087,,0.03863416768074001,-0.009288095890294591
100000,6665,850191,logit,feglm_stream logit,5,ok,5.194,0.0,5.194,1073.1,17.6,54.4,829358,10,0.038634167679720346,-0.009288095890239606
100000,6665,850191,logit,feglm_stream logit (explicit),6,ok,5.099,0.0,5.099,1056.5,17.7,54.4,829358,10,0.03863416767968633,-0.009288095890236948
100000,6665,850191,logit,feglm_stream logit (low memory),7,ok,5.322,0.0,5.322,888.4,17.7,56.3,829358,10,0.038634167679812675,-0.0092880958902468
400000,26661,3399908,poisson,pyfixest fepois (LSMR),0,ok,67.595,0.134,67.461,3640.8,17.7,0.0,3319013,,0.09268663378693567,-0.01309018614110738
400000,26661,3399908,poisson,fepois_stream,1,ok,15.002,0.0,15.002,1761.6,17.6,224.2,3319013,10,0.09268663666555141,-0.013090186358432487
400000,26661,3399908,poisson,fepois_stream (explicit),2,ok,13.197,0.0,13.197,1814.1,17.7,226.6,3319013,10,0.09268663666544842,-0.013090186358424448
400000,26661,3399908,poisson,fepois_stream (low memory),3,ok,15.773,0.0,15.773,1043.3,17.7,227.6,3319013,10,0.0926866366653609,-0.013090186358417613
400000,26661,3399908,logit,pyfixest feglm logit (LSMR),4,ok,59.503,0.109,59.393,3714.5,17.6,0.0,3359322,,0.08325627019158427,-0.013421749375133277
400000,26661,3399908,logit,feglm_stream logit,5,ok,16.012,0.0,16.012,1781.4,17.7,225.5,3311328,10,0.08325627017466627,-0.013421749373817503
400000,26661,3399908,logit,feglm_stream logit (explicit),6,ok,15.777,0.0,15.777,1791.7,17.7,222.8,3311328,10,0.08325627017471385,-0.013421749373821274
400000,26661,3399908,logit,feglm_stream logit (low memory),7,ok,15.925,0.0,15.925,1033.9,17.6,226.7,3311328,10,0.08325627017453884,-0.013421749373807534
1000000,66665,8500353,poisson,pyfixest fepois (LSMR),0,ok,202.684,0.321,202.363,7641.8,17.7,0.0,8301030,,0.07576356825120006,-0.01171675853915167
1000000,66665,8500353,poisson,fepois_stream,1,ok,34.062,0.0,34.062,2557.1,17.6,562.4,8301030,10,0.07576356804942698,-0.011716758512542605
1000000,66665,8500353,poisson,fepois_stream (explicit),2,ok,34.385,0.0,34.385,2521.8,17.6,564.6,8301030,10,0.0757635680495569,-0.011716758512552787
1000000,66665,8500353,poisson,fepois_stream (low memory),3,ok,33.069,0.0,33.069,1356.4,17.6,575.5,8301030,10,0.07576356804958916,-0.01171675851255519
1000000,66665,8500353,logit,pyfixest feglm logit (LSMR),4,ok,170.785,0.249,170.536,7953.4,17.7,0.0,8404384,,0.06321810306674965,-0.011396582851656192
1000000,66665,8500353,logit,feglm_stream logit,5,ok,42.403,0.0,42.403,2593.2,17.7,562.5,8283651,10,0.06321810313055838,-0.011396582856466175
1000000,66665,8500353,logit,feglm_stream logit (explicit),6,ok,41.481,0.0,41.481,2574.9,17.6,557.8,8283651,10,0.06321810313110958,-0.011396582856509177
1000000,66665,8500353,logit,feglm_stream logit (low memory),7,ok,41.344,0.0,41.344,1347.4,17.6,571.6,8283651,10,0.06321810313051467,-0.011396582856462844
5000000,333306,42498893,poisson,pyfixest fepois (LSMR),0,killed (out of memory),,,,,,,,,,
5000000,333306,42498893,poisson,fepois_stream,1,ok,287.281,0.0,287.281,4367.4,17.5,2842.9,41431507,10,0.08114186584723294,-0.012093423202916122
5000000,333306,42498893,poisson,fepois_stream (explicit),2,ok,200.263,0.0,200.263,4380.3,17.6,2846.0,41431507,10,0.08114186584556589,-0.012093423202785392
5000000,333306,42498893,poisson,fepois_stream (low memory),3,ok,291.398,0.0,291.398,3080.2,17.6,2891.0,41431507,10,0.08114186584761501,-0.01209342320294627
5000000,333306,42498893,logit,pyfixest feglm logit (LSMR),4,killed (out of memory),,,,,,,,,,
5000000,333306,42498893,logit,feglm_stream logit,5,ok,350.491,0.0,350.491,4351.9,17.5,2826.8,41406572,11,0.09122592314320198,-0.013619233338246646
5000000,333306,42498893,logit,feglm_stream logit (explicit),6,ok,256.993,0.0,256.993,4352.4,17.7,2826.8,41406572,11,0.09122592314464746,-0.013619233338358834
5000000,333306,42498893,logit,feglm_stream logit (low memory),7,ok,333.612,0.0,333.612,3094.7,17.7,2877.5,41406572,11,0.09122592314311306,-0.013619233338239844
