n_covariates,bin_months,n_workers,family,configuration,order,status,wall_s,read_s,fit_s,peak_memory_mb,import_memory_mb,peak_disk_mb,n_coef,irls_steps
8,60,1000000,poisson,pyfixest fepois (LSMR),0,ok,321.023,0.22,320.804,9853.6,17.7,0.0,8,
8,60,1000000,poisson,fepois_stream,1,ok,33.357,0.0,33.357,2855.7,17.6,250.4,8,10
8,60,1000000,poisson,fepois_stream (sized to the design),2,ok,35.534,0.0,35.534,2804.0,17.9,247.0,8,10
8,60,1000000,logit,pyfixest feglm logit (LSMR),3,ok,265.672,0.18,265.492,10286.5,17.7,0.0,8,
8,60,1000000,logit,feglm_stream logit,4,ok,42.143,0.0,42.143,2868.2,17.7,244.2,8,10
8,60,1000000,logit,feglm_stream logit (sized to the design),5,ok,40.415,0.0,40.415,2864.7,17.9,248.2,8,10
41,12,1000000,poisson,pyfixest fepois (LSMR),0,ok,1256.405,0.218,1256.186,25392.5,17.6,0.0,41,
41,12,1000000,poisson,fepois_stream,1,ok,125.141,0.0,125.141,7221.7,17.7,698.6,41,10
41,12,1000000,poisson,fepois_stream (sized to the design),2,ok,112.534,0.0,112.534,4103.9,17.7,700.3,41,10
41,12,1000000,logit,pyfixest feglm logit (LSMR),3,ok,905.363,0.244,905.119,25604.7,17.6,0.0,41,
41,12,1000000,logit,feglm_stream logit,4,ok,141.513,0.0,141.513,7305.9,17.9,695.2,41,10
41,12,1000000,logit,feglm_stream logit (sized to the design),5,ok,126.663,0.0,126.663,4080.2,17.7,696.4,41,10
83,6,1000000,poisson,pyfixest fepois (LSMR),0,killed (out of memory),,,,,,,,
83,6,1000000,poisson,fepois_stream,1,ok,296.463,0.0,296.463,12793.2,17.8,1255.1,83,10
83,6,1000000,poisson,fepois_stream (sized to the design),2,ok,251.1,0.0,251.1,4521.7,17.6,1260.2,83,10
83,6,1000000,logit,pyfixest feglm logit (LSMR),3,killed (out of memory),,,,,,,,
83,6,1000000,logit,feglm_stream logit,4,ok,297.647,0.0,297.647,12840.8,17.8,1249.8,83,10
83,6,1000000,logit,feglm_stream logit (sized to the design),5,ok,268.029,0.0,268.029,4390.4,17.7,1255.3,83,10
167,3,1000000,poisson,pyfixest fepois (LSMR),0,killed (out of memory),,,,,,,,
167,3,1000000,poisson,fepois_stream,1,ok,622.356,0.0,622.356,23757.7,17.8,2365.0,167,10
167,3,1000000,poisson,fepois_stream (sized to the design),2,ok,484.053,0.0,484.053,5810.9,17.7,2376.1,167,10
167,3,1000000,logit,pyfixest feglm logit (LSMR),3,killed (out of memory),,,,,,,,
167,3,1000000,logit,feglm_stream logit,4,ok,616.028,0.0,616.028,24022.1,17.8,2356.9,167,10
167,3,1000000,logit,feglm_stream logit (sized to the design),5,ok,515.071,0.0,515.071,5763.4,17.9,2368.6,167,10
503,1,1000000,poisson,pyfixest fepois (LSMR),0,killed (out of memory),,,,,,,,
503,1,1000000,poisson,fepois_stream,1,killed (out of memory),,,,,,,,
503,1,1000000,poisson,fepois_stream (sized to the design),2,ok,1956.941,0.0,1956.941,10574.4,17.5,6815.7,503,10
503,1,1000000,logit,pyfixest feglm logit (LSMR),3,killed (out of memory),,,,,,,,
503,1,1000000,logit,feglm_stream logit,4,killed (out of memory),,,,,,,,
503,1,1000000,logit,feglm_stream logit (sized to the design),5,ok,2052.257,0.0,2052.257,10605.3,17.8,6796.5,503,10
