n_workers,n_firms,n_rows,configuration,order,status,wall_s,read_s,fit_s,peak_memory_mb,import_memory_mb,peak_disk_mb,n_obs_pruned,kss_var_psi,kss_var_alpha,kss_cov_alpha_psi,se_var_psi,se_var_alpha,se_cov_alpha_psi
25000,1666,212307,xhdfe,0,ok,0.656,0.021,0.635,263.3,16.0,0.0,212130,0.07213622999581981,0.15984496388824662,0.029854759109030588,,,
25000,1666,212307,xhdfe (standard errors),1,ok,17.45,0.021,17.429,281.5,16.0,0.0,212130,0.07213622999581981,0.15984496388824662,0.029854759109030588,0.0,nan,0.0
25000,1666,212307,hdfe_stream,2,ok,8.485,0.0,8.485,829.1,15.9,11.9,212130,0.07205533943236442,0.1598677598274836,0.029938000918274442,,,
25000,1666,212307,hdfe_stream (standard errors),3,ok,43.018,0.0,43.018,867.4,15.9,15.0,212130,0.0720553394323644,0.15986775982745507,0.029938000918274442,0.0012001233292887497,nan,0.0007871605803205625
25000,1666,212307,hdfe_stream (low memory),4,ok,10.69,0.0,10.69,787.3,15.9,12.0,212130,0.07205533943236438,0.15986775982745502,0.029938000918274428,,,
100000,6665,850191,xhdfe,0,ok,11.479,0.065,11.415,596.6,15.9,0.0,849855,0.07525831024592652,0.15929965483749536,0.03344566501521303,,,
100000,6665,850191,xhdfe (standard errors),1,ok,117.926,0.037,117.889,710.7,16.0,0.0,849855,0.07525831024592652,0.15929965483749536,0.03344566501521303,0.0,nan,0.0
100000,6665,850191,hdfe_stream,2,ok,14.489,0.0,14.489,1067.9,16.0,47.3,849855,0.07524771508319368,0.15940637008687958,0.033404096496070665,,,
100000,6665,850191,hdfe_stream (standard errors),3,ok,61.219,0.0,61.219,1036.4,16.0,59.3,849855,0.07524771508319368,0.15940637008687955,0.033404096496070686,0.0006149304979412332,nan,0.00040030120421037234
100000,6665,850191,hdfe_stream (low memory),4,ok,11.798,0.0,11.798,981.4,15.8,48.9,849855,0.07524771508319379,0.1594063700869224,0.03340409649607062,,,
400000,26661,3399908,xhdfe,0,ok,268.653,0.127,268.525,2806.2,15.8,0.0,3397350,0.08524344383001892,0.1594667225470145,0.03555045959508598,,,
400000,26661,3399908,xhdfe (standard errors),1,ok,878.685,0.1,878.585,3378.8,16.0,0.0,3397350,0.08524344383001892,0.1594667225470145,0.03555045959508598,0.00011794530243180776,nan,0.0
400000,26661,3399908,hdfe_stream,2,ok,30.149,0.0,30.149,1530.1,15.9,188.1,3397350,0.08523637503471392,0.15930924156884294,0.03557644076005944,,,
400000,26661,3399908,hdfe_stream (standard errors),3,ok,201.099,0.0,201.099,1638.1,15.9,236.3,3397350,0.08523637503471398,0.15930924156884296,0.0355764407600594,0.00033791386655919036,nan,0.0002298033338282176
400000,26661,3399908,hdfe_stream (low memory),4,ok,35.157,0.0,35.157,1380.1,15.9,196.7,3397350,0.08523637503471403,0.1593092415688289,0.03557644076005936,,,
1000000,66665,8500353,xhdfe,0,ok,86.916,0.332,86.584,5113.8,15.9,0.0,8496749,0.08935378356403068,0.15993520429929003,0.035058560113862214,,,
1000000,66665,8500353,xhdfe (standard errors),1,ok,2257.52,0.204,2257.316,5197.1,15.9,0.0,8496749,0.08935378356403068,0.15993520429929003,0.035058560113862214,0.0001453340412851322,nan,9.866781128315202e-05
1000000,66665,8500353,hdfe_stream,2,ok,119.456,0.0,119.456,2086.3,15.9,477.1,8496749,0.08933377621906387,0.15985699613077356,0.035067777913376924,,,
1000000,66665,8500353,hdfe_stream (standard errors),3,ok,694.71,0.0,694.71,2839.5,16.0,598.0,8496749,0.08933377621906383,0.1598569961308162,0.035067777913376924,0.0002103960893591727,nan,0.0001391407049725259
1000000,66665,8500353,hdfe_stream (low memory),4,ok,135.201,0.0,135.201,1853.3,15.8,504.5,8496749,0.08933377621906377,0.15985699613075918,0.035067777913376966,,,
5000000,333306,42498893,xhdfe,0,ok,1304.918,1.544,1303.374,20038.9,15.9,0.0,42468827,0.09150379995873806,0.15992492805907835,0.03609902076203598,,,
5000000,333306,42498893,xhdfe (standard errors),1,timeout after 10800 s,,,,,,,,,,,,,
5000000,333306,42498893,hdfe_stream,2,ok,473.73,0.0,473.73,5343.8,15.9,2490.2,42468827,0.09151209304163488,0.15990098787051987,0.036099812118094855,,,
5000000,333306,42498893,hdfe_stream (standard errors),3,ok,2752.107,0.0,2752.107,10728.6,15.9,3093.2,42468827,0.09151209304163482,0.1599009878705199,0.03609981211809487,9.719178788514342e-05,nan,6.53296983029469e-05
5000000,333306,42498893,hdfe_stream (low memory),4,ok,476.303,0.0,476.303,5309.6,16.0,2624.1,42468827,0.09151209304163525,0.15990098787052093,0.0360998121180946,,,
